{
  "__type__": "cc.SpriteFrame",
  "content": {
    "name": "羽毛球",
    "atlas": "",
    "rect": {
      "x": 22,
      "y": 29,
      "width": 42,
      "height": 44
    },
    "offset": {
      "x": -0.5,
      "y": -1.5
    },
    "originalSize": {
      "width": 87,
      "height": 99
    },
    "rotated": false,
    "capInsets": [
      0,
      0,
      0,
      0
    ],
    "vertices": {
      "rawPosition": [
        -21,
        -22,
        0,
        21,
        -22,
        0,
        -21,
        22,
        0,
        21,
        22,
        0
      ],
      "indexes": [
        0,
        1,
        2,
        2,
        1,
        3
      ],
      "uv": [
        22,
        70,
        64,
        70,
        22,
        26,
        64,
        26
      ],
      "nuv": [
        0.25287356321839083,
        0.26262626262626265,
        0.735632183908046,
        0.26262626262626265,
        0.25287356321839083,
        0.7070707070707071,
        0.735632183908046,
        0.7070707070707071
      ],
      "minPos": {
        "x": -21,
        "y": -22,
        "z": 0
      },
      "maxPos": {
        "x": 21,
        "y": 22,
        "z": 0
      }
    },
    "texture": "cd603125-1fc2-4199-b024-96192cd3ea4f@6c48a",
    "packable": true,
    "pixelsToUnit": 100,
    "pivot": {
      "x": 0.5,
      "y": 0.5
    },
    "meshType": 0
  }
}