{
  "__type__": "cc.SpriteFrame",
  "content": {
    "name": "pixilart-sprite",
    "atlas": "",
    "rect": {
      "x": 49,
      "y": 2,
      "width": 236,
      "height": 87
    },
    "offset": {
      "x": 7,
      "y": -0.5
    },
    "originalSize": {
      "width": 320,
      "height": 90
    },
    "rotated": false,
    "capInsets": [
      0,
      0,
      0,
      0
    ],
    "vertices": {
      "rawPosition": [
        -118,
        -43.5,
        0,
        118,
        -43.5,
        0,
        -118,
        43.5,
        0,
        118,
        43.5,
        0
      ],
      "indexes": [
        0,
        1,
        2,
        2,
        1,
        3
      ],
      "uv": [
        49,
        88,
        285,
        88,
        49,
        1,
        285,
        1
      ],
      "nuv": [
        0.153125,
        0.011111111111111112,
        0.890625,
        0.011111111111111112,
        0.153125,
        0.9777777777777777,
        0.890625,
        0.9777777777777777
      ],
      "minPos": {
        "x": -118,
        "y": -43.5,
        "z": 0
      },
      "maxPos": {
        "x": 118,
        "y": 43.5,
        "z": 0
      }
    },
    "texture": "4bf455b1-2827-467f-b52a-8ac0f881ea72@6c48a",
    "packable": true,
    "pixelsToUnit": 100,
    "pivot": {
      "x": 0.5,
      "y": 0.5
    },
    "meshType": 0
  }
}