{
  "__type__": "cc.SpriteFrame",
  "content": {
    "name": "fired2",
    "atlas": "",
    "rect": {
      "x": 2,
      "y": 2,
      "width": 103,
      "height": 87
    },
    "offset": {
      "x": 1,
      "y": -0.5
    },
    "originalSize": {
      "width": 105,
      "height": 90
    },
    "rotated": false,
    "capInsets": [
      0,
      0,
      0,
      0
    ],
    "vertices": {
      "rawPosition": [
        -51.5,
        -43.5,
        0,
        51.5,
        -43.5,
        0,
        -51.5,
        43.5,
        0,
        51.5,
        43.5,
        0
      ],
      "indexes": [
        0,
        1,
        2,
        2,
        1,
        3
      ],
      "uv": [
        2,
        88,
        105,
        88,
        2,
        1,
        105,
        1
      ],
      "nuv": [
        0.01904761904761905,
        0.011111111111111112,
        1,
        0.011111111111111112,
        0.01904761904761905,
        0.9777777777777777,
        1,
        0.9777777777777777
      ],
      "minPos": {
        "x": -51.5,
        "y": -43.5,
        "z": 0
      },
      "maxPos": {
        "x": 51.5,
        "y": 43.5,
        "z": 0
      }
    },
    "texture": "3490a025-2a5c-45df-be72-24c07517e0e6@6c48a",
    "packable": true,
    "pixelsToUnit": 100,
    "pivot": {
      "x": 0.5,
      "y": 0.5
    },
    "meshType": 0
  }
}