{
  "__type__": "cc.SpriteFrame",
  "content": {
    "name": "系统消息图标 (1)",
    "atlas": "",
    "rect": {
      "x": 40,
      "y": 15,
      "width": 73,
      "height": 67
    },
    "offset": {
      "x": -163.5,
      "y": -3.5
    },
    "originalSize": {
      "width": 480,
      "height": 90
    },
    "rotated": false,
    "capInsets": [
      0,
      0,
      0,
      0
    ],
    "vertices": {
      "rawPosition": [
        -36.5,
        -33.5,
        0,
        36.5,
        -33.5,
        0,
        -36.5,
        33.5,
        0,
        36.5,
        33.5,
        0
      ],
      "indexes": [
        0,
        1,
        2,
        2,
        1,
        3
      ],
      "uv": [
        40,
        75,
        113,
        75,
        40,
        8,
        113,
        8
      ],
      "nuv": [
        0.08333333333333333,
        0.08888888888888889,
        0.23541666666666666,
        0.08888888888888889,
        0.08333333333333333,
        0.8333333333333334,
        0.23541666666666666,
        0.8333333333333334
      ],
      "minPos": {
        "x": -36.5,
        "y": -33.5,
        "z": 0
      },
      "maxPos": {
        "x": 36.5,
        "y": 33.5,
        "z": 0
      }
    },
    "texture": "7d985974-f731-42a2-962b-ffe9dc88753d@6c48a",
    "packable": true,
    "pixelsToUnit": 100,
    "pivot": {
      "x": 0.5,
      "y": 0.5
    },
    "meshType": 0
  }
}