{
  "__type__": "cc.SpriteFrame",
  "content": {
    "name": "开始图标",
    "atlas": "",
    "rect": {
      "x": 670,
      "y": 380,
      "width": 260,
      "height": 140
    },
    "offset": {
      "x": -1600,
      "y": 0
    },
    "originalSize": {
      "width": 4800,
      "height": 900
    },
    "rotated": false,
    "capInsets": [
      0,
      0,
      0,
      0
    ],
    "vertices": {
      "rawPosition": [
        -130,
        -70,
        0,
        130,
        -70,
        0,
        -130,
        70,
        0,
        130,
        70,
        0
      ],
      "indexes": [
        0,
        1,
        2,
        2,
        1,
        3
      ],
      "uv": [
        670,
        520,
        930,
        520,
        670,
        380,
        930,
        380
      ],
      "nuv": [
        0.13958333333333334,
        0.4222222222222222,
        0.19375,
        0.4222222222222222,
        0.13958333333333334,
        0.5777777777777777,
        0.19375,
        0.5777777777777777
      ],
      "minPos": {
        "x": -130,
        "y": -70,
        "z": 0
      },
      "maxPos": {
        "x": 130,
        "y": 70,
        "z": 0
      }
    },
    "texture": "76e627d3-7878-4ab2-84dc-2a82ab57c818@6c48a",
    "packable": true,
    "pixelsToUnit": 100,
    "pivot": {
      "x": 0.5,
      "y": 0.5
    },
    "meshType": 0
  }
}