{
  "__type__": "cc.SpriteFrame",
  "content": {
    "name": "start按钮",
    "atlas": "",
    "rect": {
      "x": 36,
      "y": 19,
      "width": 85,
      "height": 48
    },
    "offset": {
      "x": -1.5,
      "y": 2
    },
    "originalSize": {
      "width": 160,
      "height": 90
    },
    "rotated": false,
    "capInsets": [
      0,
      0,
      0,
      0
    ],
    "vertices": {
      "rawPosition": [
        -42.5,
        -24,
        0,
        42.5,
        -24,
        0,
        -42.5,
        24,
        0,
        42.5,
        24,
        0
      ],
      "indexes": [
        0,
        1,
        2,
        2,
        1,
        3
      ],
      "uv": [
        36,
        71,
        121,
        71,
        36,
        23,
        121,
        23
      ],
      "nuv": [
        0.225,
        0.25555555555555554,
        0.75625,
        0.25555555555555554,
        0.225,
        0.7888888888888889,
        0.75625,
        0.7888888888888889
      ],
      "minPos": {
        "x": -42.5,
        "y": -24,
        "z": 0
      },
      "maxPos": {
        "x": 42.5,
        "y": 24,
        "z": 0
      }
    },
    "texture": "dce12626-0ce7-46bb-b7f9-24d1f83b5af2@6c48a",
    "packable": true,
    "pixelsToUnit": 100,
    "pivot": {
      "x": 0.5,
      "y": 0.5
    },
    "meshType": 0
  }
}