{
  "__type__": "cc.SpriteFrame",
  "content": {
    "name": "QM}H%F0(JZ$K(EX]0L8_WQ5",
    "atlas": "",
    "rect": {
      "x": 39,
      "y": 25,
      "width": 77,
      "height": 42
    },
    "offset": {
      "x": -2.5,
      "y": -1
    },
    "originalSize": {
      "width": 160,
      "height": 90
    },
    "rotated": false,
    "capInsets": [
      0,
      0,
      0,
      0
    ],
    "vertices": {
      "rawPosition": [
        -38.5,
        -21,
        0,
        38.5,
        -21,
        0,
        -38.5,
        21,
        0,
        38.5,
        21,
        0
      ],
      "indexes": [
        0,
        1,
        2,
        2,
        1,
        3
      ],
      "uv": [
        39,
        65,
        116,
        65,
        39,
        23,
        116,
        23
      ],
      "nuv": [
        0.24375,
        0.25555555555555554,
        0.725,
        0.25555555555555554,
        0.24375,
        0.7222222222222222,
        0.725,
        0.7222222222222222
      ],
      "minPos": {
        "x": -38.5,
        "y": -21,
        "z": 0
      },
      "maxPos": {
        "x": 38.5,
        "y": 21,
        "z": 0
      }
    },
    "texture": "6eb33253-6036-4aea-867a-edd28f7ac246@6c48a",
    "packable": true,
    "pixelsToUnit": 100,
    "pivot": {
      "x": 0.5,
      "y": 0.5
    },
    "meshType": 0
  }
}