{
  "__type__": "cc.SpriteFrame",
  "content": {
    "name": "3B5E56762F1AA32C96FD21BF67348FF7",
    "atlas": "",
    "rect": {
      "x": 2046,
      "y": 868,
      "width": 5394,
      "height": 3534
    },
    "offset": {
      "x": -217,
      "y": 155
    },
    "originalSize": {
      "width": 9920,
      "height": 5580
    },
    "rotated": false,
    "capInsets": [
      0,
      0,
      0,
      0
    ],
    "vertices": {
      "rawPosition": [
        -2697,
        -1767,
        0,
        2697,
        -1767,
        0,
        -2697,
        1767,
        0,
        2697,
        1767,
        0
      ],
      "indexes": [
        0,
        1,
        2,
        2,
        1,
        3
      ],
      "uv": [
        2046,
        4712,
        7440,
        4712,
        2046,
        1178,
        7440,
        1178
      ],
      "nuv": [
        0.20625,
        0.2111111111111111,
        0.75,
        0.2111111111111111,
        0.20625,
        0.8444444444444444,
        0.75,
        0.8444444444444444
      ],
      "minPos": {
        "x": -2697,
        "y": -1767,
        "z": 0
      },
      "maxPos": {
        "x": 2697,
        "y": 1767,
        "z": 0
      }
    },
    "texture": "6af9b5c6-c493-4a60-ae76-5467f1366d67@6c48a",
    "packable": true,
    "pixelsToUnit": 100,
    "pivot": {
      "x": 0.5,
      "y": 0.5
    },
    "meshType": 0
  }
}