{
  "__type__": "cc.SpriteFrame",
  "content": {
    "name": "fired1",
    "atlas": "",
    "rect": {
      "x": 26,
      "y": 4,
      "width": 67,
      "height": 84
    },
    "offset": {
      "x": 8,
      "y": -1
    },
    "originalSize": {
      "width": 103,
      "height": 90
    },
    "rotated": false,
    "capInsets": [
      0,
      0,
      0,
      0
    ],
    "vertices": {
      "rawPosition": [
        -33.5,
        -42,
        0,
        33.5,
        -42,
        0,
        -33.5,
        42,
        0,
        33.5,
        42,
        0
      ],
      "indexes": [
        0,
        1,
        2,
        2,
        1,
        3
      ],
      "uv": [
        26,
        86,
        93,
        86,
        26,
        2,
        93,
        2
      ],
      "nuv": [
        0.2524271844660194,
        0.022222222222222223,
        0.9029126213592233,
        0.022222222222222223,
        0.2524271844660194,
        0.9555555555555556,
        0.9029126213592233,
        0.9555555555555556
      ],
      "minPos": {
        "x": -33.5,
        "y": -42,
        "z": 0
      },
      "maxPos": {
        "x": 33.5,
        "y": 42,
        "z": 0
      }
    },
    "texture": "8168e0a0-913e-4ef6-8130-edd1713eb0e0@6c48a",
    "packable": true,
    "pixelsToUnit": 100,
    "pivot": {
      "x": 0.5,
      "y": 0.5
    },
    "meshType": 0
  }
}