{
  "__type__": "cc.SpriteFrame",
  "content": {
    "name": "fired1",
    "atlas": "",
    "rect": {
      "x": 0,
      "y": 0,
      "width": 103,
      "height": 86
    },
    "offset": {
      "x": 0,
      "y": 0.5
    },
    "originalSize": {
      "width": 103,
      "height": 87
    },
    "rotated": false,
    "capInsets": [
      0,
      0,
      0,
      0
    ],
    "vertices": {
      "rawPosition": [
        -51.5,
        -43,
        0,
        51.5,
        -43,
        0,
        -51.5,
        43,
        0,
        51.5,
        43,
        0
      ],
      "indexes": [
        0,
        1,
        2,
        2,
        1,
        3
      ],
      "uv": [
        0,
        87,
        103,
        87,
        0,
        1,
        103,
        1
      ],
      "nuv": [
        0,
        0.011494252873563218,
        1,
        0.011494252873563218,
        0,
        1,
        1,
        1
      ],
      "minPos": {
        "x": -51.5,
        "y": -43,
        "z": 0
      },
      "maxPos": {
        "x": 51.5,
        "y": 43,
        "z": 0
      }
    },
    "texture": "8168e0a0-913e-4ef6-8130-edd1713eb0e0@6c48a",
    "packable": true,
    "pixelsToUnit": 100,
    "pivot": {
      "x": 0.5,
      "y": 0.5
    },
    "meshType": 0
  }
}