{
  "__type__": "cc.SpriteFrame",
  "content": {
    "name": "pixil-frame-0 (1)",
    "atlas": "",
    "rect": {
      "x": 3224,
      "y": 1860,
      "width": 2976,
      "height": 2480
    },
    "offset": {
      "x": -248,
      "y": -310
    },
    "originalSize": {
      "width": 9920,
      "height": 5580
    },
    "rotated": false,
    "capInsets": [
      0,
      0,
      0,
      0
    ],
    "vertices": {
      "rawPosition": [
        -1488,
        -1240,
        0,
        1488,
        -1240,
        0,
        -1488,
        1240,
        0,
        1488,
        1240,
        0
      ],
      "indexes": [
        0,
        1,
        2,
        2,
        1,
        3
      ],
      "uv": [
        3224,
        3720,
        6200,
        3720,
        3224,
        1240,
        6200,
        1240
      ],
      "nuv": [
        0.325,
        0.2222222222222222,
        0.625,
        0.2222222222222222,
        0.325,
        0.6666666666666666,
        0.625,
        0.6666666666666666
      ],
      "minPos": {
        "x": -1488,
        "y": -1240,
        "z": 0
      },
      "maxPos": {
        "x": 1488,
        "y": 1240,
        "z": 0
      }
    },
    "texture": "a1757a40-0cc0-49d2-bf1b-0b47986d9dff@6c48a",
    "packable": true,
    "pixelsToUnit": 100,
    "pivot": {
      "x": 0.5,
      "y": 0.5
    },
    "meshType": 0
  }
}