{
  "__type__": "cc.SpriteFrame",
  "content": {
    "name": "系统消息图标",
    "atlas": "",
    "rect": {
      "x": 4799,
      "y": 899,
      "width": 1,
      "height": 1
    },
    "offset": {
      "x": 2399.5,
      "y": -449.5
    },
    "originalSize": {
      "width": 4800,
      "height": 900
    },
    "rotated": false,
    "capInsets": [
      0,
      0,
      0,
      0
    ],
    "vertices": {
      "rawPosition": [
        -0.5,
        -0.5,
        0,
        0.5,
        -0.5,
        0,
        -0.5,
        0.5,
        0,
        0.5,
        0.5,
        0
      ],
      "indexes": [
        0,
        1,
        2,
        2,
        1,
        3
      ],
      "uv": [
        4799,
        1,
        4800,
        1,
        4799,
        0,
        4800,
        0
      ],
      "nuv": [
        0.9997916666666666,
        0,
        1,
        0,
        0.9997916666666666,
        0.0011111111111111111,
        1,
        0.0011111111111111111
      ],
      "minPos": {
        "x": -0.5,
        "y": -0.5,
        "z": 0
      },
      "maxPos": {
        "x": 0.5,
        "y": 0.5,
        "z": 0
      }
    },
    "texture": "1b14e21b-c888-4eed-af9d-558f97e67ec1@6c48a",
    "packable": true,
    "pixelsToUnit": 100,
    "pivot": {
      "x": 0.5,
      "y": 0.5
    },
    "meshType": 0
  }
}